2026-02-01T00:00:00Z,0,problem_definition,client,in_progress,idle,not_requested,init,orchestrator,Workflow initialized with News Fetcher problem description.,2026-02-01T00:00:00Z,
2026-02-01T00:02:36Z,0,problem_definition,client,in_progress,in_progress,not_requested,agent_invoked,orchestrator,Invoked client agent for problem definition.,2026-02-01T00:00:00Z,
2026-02-01T00:02:42Z,0,problem_definition,client,in_progress,done,not_requested,client_response,client,Provided goals, acceptance criteria, constraints, and non-goals.,2026-02-01T00:00:00Z,2026-02-01T00:02:42Z
2026-02-01T00:02:46Z,0,requirements,system_analyst,in_progress,idle,not_requested,phase_start,orchestrator,Advanced to requirements phase and invoked system_analyst.,2026-02-01T00:00:00Z,
2026-02-01T00:02:52Z,0,requirements,system_analyst,in_progress,in_progress,not_requested,agent_invoked,orchestrator,Invoked system_analyst for requirements gathering.,2026-02-01T00:00:00Z,
2026-02-01T00:08:25Z,0,requirements,system_analyst,in_progress,done,not_requested,client_response,system_analyst,Received answers to two clarification questions.,2026-02-01T00:00:00Z,2026-02-01T00:08:25Z
2026-02-01T00:08:37Z,0,requirements,system_analyst,done,done,not_requested,artifact_created,system_analyst,Created requirements.md with problem summary, requirements, acceptance criteria, and Q&A.,2026-02-01T00:00:00Z,2026-02-01T00:08:37Z
2026-02-01T00:08:43Z,0,requirements_review,system_analyst_reviewer,in_progress,idle,pending,phase_start,orchestrator,Advanced to requirements review and invoked system_analyst_reviewer.,2026-02-01T00:00:00Z,
2026-02-01T00:08:50Z,0,requirements_review,system_analyst_reviewer,in_progress,in_progress,pending,agent_invoked,orchestrator,Invoked system_analyst_reviewer to review requirements.md.,2026-02-01T00:00:00Z,
2026-02-01T00:09:01Z,0,requirements_review,system_analyst_reviewer,in_progress,done,approved,review_approved,system_analyst_reviewer,Approved requirements.md; no required changes.,2026-02-01T00:00:00Z,2026-02-01T00:09:01Z
2026-02-01T00:09:26Z,0,architecture,architect,in_progress,idle,not_requested,phase_start,orchestrator,Advanced to architecture phase and invoked architect; created to_architect.md.,2026-02-01T00:00:00Z,
2026-02-01T00:09:34Z,0,architecture,architect,in_progress,in_progress,not_requested,agent_invoked,orchestrator,Invoked architect to create architect.md.,2026-02-01T00:00:00Z,
2026-02-01T00:09:54Z,0,architecture,architect,in_progress,done,not_requested,artifact_created,architect,Created architect.md with system components, API contracts, and implementation plan.,2026-02-01T00:00:00Z,2026-02-01T00:09:54Z
2026-02-01T00:10:00Z,0,architecture_review,architect_reviewer,in_progress,idle,pending,phase_start,orchestrator,Advanced to architecture review and invoked architect_reviewer.,2026-02-01T00:00:00Z,
2026-02-01T00:10:07Z,0,architecture_review,architect_reviewer,in_progress,in_progress,pending,agent_invoked,orchestrator,Invoked architect_reviewer to review architect.md.,2026-02-01T00:00:00Z,
2026-02-01T00:10:21Z,0,architecture_review,architect_reviewer,in_progress,done,approved,review_approved,architect_reviewer,Approved architect.md and created to_development.md.,2026-02-01T00:00:00Z,2026-02-01T00:10:21Z
2026-02-01T00:10:27Z,0,development,devops,in_progress,idle,not_requested,phase_start,orchestrator,Advanced to development phase and invoked devops.,2026-02-01T00:00:00Z,
2026-02-01T00:10:34Z,0,development,devops,in_progress,in_progress,not_requested,agent_invoked,orchestrator,Invoked devops to prepare runtime scaffolding.,2026-02-01T00:00:00Z,
2026-02-01T00:10:44Z,0,development,devops,in_progress,done,not_requested,artifact_created,devops,Created README.md with run steps and env var instructions.,2026-02-01T00:00:00Z,2026-02-01T00:10:44Z
2026-02-01T00:11:07Z,0,development,backend,in_progress,idle,not_requested,agent_invoked,orchestrator,Invoked backend to implement FastAPI service.,2026-02-01T00:00:00Z,
2026-02-01T00:11:36Z,0,development,backend,in_progress,in_progress,not_requested,agent_started,backend,Started backend implementation.,2026-02-01T00:00:00Z,
2026-02-01T00:12:47Z,0,development,backend,in_progress,done,not_requested,artifact_created,backend,Implemented FastAPI backend with POST /news/fetch, SQLite persistence, retry/backoff, and cache fallback.,2026-02-01T00:00:00Z,2026-02-01T00:12:47Z
2026-02-01T00:12:53Z,0,development,frontend,in_progress,idle,not_requested,agent_invoked,orchestrator,Invoked frontend to implement React app.,2026-02-01T00:00:00Z,
2026-02-01T00:13:03Z,0,development,frontend,in_progress,in_progress,not_requested,agent_started,frontend,Started frontend implementation.,2026-02-01T00:00:00Z,
2026-02-01T00:14:15Z,0,development,frontend,in_progress,done,not_requested,artifact_created,frontend,Implemented React TypeScript frontend with category input, fetch button, results list, status line, and API integration.,2026-02-01T00:00:00Z,2026-02-01T00:14:15Z
2026-02-01T00:14:26Z,0,testing,tester,in_progress,idle,not_requested,phase_start,orchestrator,Advanced to testing phase and invoked tester.,2026-02-01T00:00:00Z,
2026-02-01T00:14:34Z,0,testing,tester,in_progress,in_progress,not_requested,agent_started,tester,Started testing phase.,2026-02-01T00:00:00Z,
2026-02-01T00:17:25Z,0,testing,tester,in_progress,done,not_requested,artifact_created,tester,Created test_report.md with backend and E2E test results; validated acceptance criteria.,2026-02-01T00:00:00Z,2026-02-01T00:17:25Z
2026-02-01T00:17:39Z,0,security_review,security,in_progress,idle,not_requested,phase_start,orchestrator,Advanced to security review and invoked security agent.,2026-02-01T00:00:00Z,
2026-02-01T00:17:47Z,0,security_review,security,in_progress,in_progress,not_requested,agent_started,security,Started security review of all artifacts.,2026-02-01T00:00:00Z,
2026-02-01T00:18:11Z,0,security_review,security,in_progress,done,approved,review_approved,security,Completed security review; no high/critical issues found; approved for delivery.,2026-02-01T00:00:00Z,2026-02-01T00:18:11Z
2026-02-01T00:18:19Z,0,delivery,orchestrator,in_progress,idle,not_requested,phase_start,orchestrator,Advanced to delivery phase; preparing client report.,2026-02-01T00:00:00Z,
2026-02-01T00:18:39Z,0,delivery,orchestrator,done,done,not_requested,workflow_completed,orchestrator,Completed News Fetcher workflow; delivered client_report.md.,2026-02-01T00:00:00Z,2026-02-01T00:18:39Z
2026-02-01T00:41:23Z,0,testing,tester,in_progress,in_progress,not_requested,agent_started,tester,Started comprehensive end-to-end integration testing.,2026-02-01T00:00:00Z,
2026-02-01T00:47:30Z,0,testing,tester,in_progress,done,not_requested,artifact_created,tester,Completed comprehensive end-to-end integration testing; all 11 tests passed; system ready for user testing.,2026-02-01T00:00:00Z,2026-02-01T00:47:30Z
2026-02-01T00:53:39Z,0,testing,backend,in_progress,done,not_requested,feature_implemented,backend,Added dummy data functionality for demo/testing without API key.,2026-02-01T00:00:00Z,2026-02-01T00:53:39Z
